{
  "display": {
    "icon": {
      "item": "astrotweaks:platinum_coin"
    },
    "title": {
      "translate": "advancements.get_platinum_coin.title"
    },
    "description": {
      "translate": "advancements.get_platinum_coin.descr"
    },
    "frame": "task",
    "show_toast": true,
    "announce_to_chat": false,
    "hidden": false
  },
  "criteria": {
    "get_platinum_coin": {
      "trigger": "minecraft:inventory_changed",
      "conditions": {
        "items": [
          {
            "item": "astrotweaks:platinum_coin",
            "count": {
              "min": 1,
              "max": 64
            }
          }
        ]
      }
    }
  },
  "rewards": {
    "experience": 1
  },
  "parent": "astrotweaks:get_gold_coin"
}